Name,Team,Position
Sam LaPorta,DET,TE3
Rome Odunze,CHI,WR20
Ladd McConkey,LAC,WR21
Jared Goff,DET,QB16
2027 Early 1st,FA,PICK
Tee Higgins,CIN,WR22
Anthony Richardson,IND,QB17
J.J. McCarthy,MIN,QB18
2026 Mid 1st,FA,PICK
Tyreek Hill,MIA,WR23
Joe Mixon,HOU,RB12
Isiah Pacheco,KCC,RB13
2025 Late 1st,FA,PICK
Trevor Lawrence,JAC,QB19
Josh Jacobs,GBP,RB14
Chris Olave,NOS,WR24
David Montgomery,DET,RB15
Chase Brown,CIN,RB16
Jaylen Waddle,MIA,WR25
Terry McLaurin,WAS,WR26
Brian Robinson,WAS,RB17
Jonathon Brooks,CAR,RB18
Brandon Aiyuk,SFO,WR27
Tank Dell,HOU,WR28
Tua Tagovailoa,MIA,QB20
2027 Mid 1st,FA,PICK
Alvin Kamara,NOS,RB19
Tyrone Tracy,NYG,RB20
Kyle Pitts,ATL,TE4
Bucky Irving,TBB,RB21
T.J. Hockenson,MIN,TE5
Chuba Hubbard,CAR,RB22
2026 Late 1st,FA,PICK
Deebo Samuel,SFO,WR29
George Kittle,SFO,TE6
Keon Coleman,BUF,WR30
Josh Downs,IND,WR31
D.J. Moore,CHI,WR32
Cooper Kupp,LAR,WR33
Dalton Kincaid,BUF,TE7
Jameson Williams,DET,WR34
Jordan Addison,MIN,WR35
Dak Prescott,DAL,QB21
Michael Penix Jr.,ATL,QB22
Chris Godwin,TBB,WR36
Xavier Worthy,KCC,WR37
Mike Evans,TBB,WR38
Ricky Pearsall,SFO,WR39
2027 Late 1st,FA,PICK
Cade Otton,TBB,TE8
D'Andre Swift,CHI,RB23
2025 Early 2nd,FA,PICK
J.K. Dobbins,LAC,RB24
Trey Benson,ARI,RB25
Xavier Legette,CAR,WR40
Najee Harris,PIT,RB26
Khalil Shakir,BUF,WR41
Darnell Mooney,ATL,WR42
Rhamondre Stevenson,NEP,RB27
James Conner,ARI,RB28
Tucker Kraft,GBP,TE9
Michael Pittman,IND,WR43
David Njoku,CLE,TE10
Cedric Tillman,CLE,WR44
Travis Kelce,KCC,TE11
2026 Early 2nd,FA,PICK
Travis Etienne,JAC,RB29
Kirk Cousins,ATL,QB23
Rachaad White,TBB,RB30
Sam Darnold,MIN,QB24
Mark Andrews,BAL,TE12
Quentin Johnston,LAC,WR45
Tony Pollard,TEN,RB31
2025 Mid 2nd,FA,PICK
Braelon Allen,NYJ,RB32
Aaron Jones,MIN,RB33
Tank Bigsby,JAC,RB34
Jake Ferguson,DAL,TE13
Davante Adams,NYJ,WR46
Bryce Young,CAR,QB25
Romeo Doubs,GBP,WR47
Calvin Ridley,TEN,WR48
Courtland Sutton,DEN,WR49
Amari Cooper,BUF,WR50
Geno Smith,SEA,QB26
Adonai Mitchell,IND,WR51
Rashid Shaheed,NOS,WR52
Zach Charbonnet,SEA,RB35
2025 Late 2nd,FA,PICK
2026 Mid 2nd,FA,PICK
Matthew Stafford,LAR,QB27
Audric Estime,DEN,RB36
Jaylen Wright,MIA,RB37
Evan Engram,JAC,TE14
Christian Watson,GBP,WR53
2027 Early 2nd,FA,PICK
Jauan Jennings,SFO,WR54
Russell Wilson,PIT,QB28
DeAndre Hopkins,KCC,WR55
Jakobi Meyers,LVR,WR56
Justin Fields,PIT,QB29
Isaiah Likely,BAL,TE15
Wan'Dale Robinson,NYG,WR57
Dontayvion Wicks,GBP,WR58
Cole Kmet,CHI,TE16
Javonte Williams,DEN,RB38
2026 Late 2nd,FA,PICK
Ray Davis,BUF,RB39
Tyjae Spears,TEN,RB40
Stefon Diggs,HOU,WR59
Blake Corum,LAR,RB41
Nick Chubb,CLE,RB42
2027 Mid 2nd,FA,PICK
Demario Douglas,NEP,WR60
Jaylen Warren,PIT,RB43
Dallas Goedert,PHI,TE17
Pat Freiermuth,PIT,TE18
Rico Dowdle,DAL,RB44
Jalen McMillan,TBB,WR61
Jerry Jeudy,CLE,WR62
Diontae Johnson,BAL,WR63
Tyler Allgeier,ATL,RB45
Rashod Bateman,BAL,WR64
Ja'Lynn Polk,NEP,WR65
Ja'Tavion Sanders,CAR,TE19
Troy Franklin,DEN,WR66
Jalen Coker,CAR,WR67
MarShawn Lloyd,GBP,RB46
Austin Ekeler,WAS,RB47
Will Levis,TEN,QB30
Alec Pierce,IND,WR68
2027 Late 2nd,FA,PICK
Jordan Mason,SFO,RB48
Derek Carr,NOS,QB31
2025 Early 3rd,FA,PICK
Christian Kirk,JAC,WR69
Michael Wilson,ARI,WR70
Ben Sinnott,WAS,TE20
Luke McCaffrey,WAS,WR71
Marquise Brown,KCC,WR72
Kareem Hunt,KCC,RB49
Keaton Mitchell,BAL,RB50
Roschon Johnson,CHI,RB51
Andrei Iosivas,CIN,WR73
Hunter Henry,NEP,TE21
2025 Mid 3rd,FA,PICK
Isaac Guerendo,SFO,RB52
Kimani Vidal,LAC,RB53
Jermaine Burton,CIN,WR74
2026 Early 3rd,FA,PICK
Joshua Palmer,LAC,WR75
Kendre Miller,NOS,RB54
Elijah Moore,CLE,WR76
Kayshon Boutte,NEP,WR77
Sean Tucker,TBB,RB55
Jameis Winston,CLE,QB32
Dalton Schultz,HOU,TE22
Theo Johnson,NYG,TE23
Roman Wilson,PIT,WR78
2025 Late 3rd,FA,PICK
Alexander Mattison,LVR,RB56
Tyler Lockett,SEA,WR79
Jordan Whittington,LAR,WR80
Keenan Allen,CHI,WR81
Jaleel McLaughlin,DEN,RB57
2026 Mid 3rd,FA,PICK
Jalen Tolbert,DAL,WR82
Erick All,CIN,TE24
2027 Early 3rd,FA,PICK
John Metchie,HOU,WR83
Jerome Ford,CLE,RB58
Luke Musgrave,GBP,TE25
Jonnu Smith,MIA,TE26
Tre Tucker,LVR,WR84
Mike Gesicki,CIN,TE27
Aaron Rodgers,NYJ,QB33
2026 Late 3rd,FA,PICK
2027 Mid 3rd,FA,PICK
Gabriel Davis,JAC,WR85
Darius Slayton,NYG,WR86
Trey Palmer,TBB,WR87
Justice Hill,BAL,RB59
Michael Mayer,LVR,TE28
Devin Singletary,NYG,RB60
Malachi Corley,NYJ,WR88
Zack Moss,CIN,RB61
Raheem Mostert,MIA,RB62
Jalen Nailor,MIN,WR89
Cam Akers,MIN,RB63
Marvin Mims,DEN,WR90
Parker Washington,JAC,WR91
Javon Baker,NEP,WR92
Taysom Hill,NOS,QB34
Malik Washington,MIA,WR93
Khalil Herbert,CIN,RB64
Spencer Rattler,NOS,QB35
Devaughn Vele,DEN,WR94
Malik Willis,GBP,QB36
Noah Gray,KCC,TE29
Jonathan Mingo,DAL,WR95
Brenton Strange,JAC,TE30
Noah Fant,SEA,TE31
2027 Late 3rd,FA,PICK
Mike Williams,PIT,WR96
Jalin Hyatt,NYG,WR97
Zach Ertz,WAS,TE32
Tutu Atwell,LAR,WR98
Emanuel Wilson,GBP,RB65
Will Shipley,PHI,RB66
Ray-Ray McCloud,ATL,WR99
Noah Brown,WAS,WR100
Calvin Austin III,PIT,WR101
Colby Parkinson,LAR,TE33
Demarcus Robinson,LAR,WR102
Bub Means,NOS,WR103
Greg Dortch,ARI,WR104
Dawson Knox,BUF,TE34
Gardner Minshew,LVR,QB37
Zamir White,LVR,RB67
2025 Early 4th,FA,PICK
Antonio Gibson,NEP,RB68
Gus Edwards,LAC,RB69
2025 Mid 4th,FA,PICK
Xavier Hutchinson,HOU,WR105
Dameon Pierce,HOU,RB70
Allen Lazard,NYJ,WR106
Ty Chandler,MIN,RB71
Daniel Jones,NYG,QB38
Darnell Washington,PIT,TE35
2026 Early 4th,FA,PICK
Chigoziem Okonkwo,TEN,TE36
Juwan Johnson,NOS,TE37
Cade Stover,HOU,TE38
2025 Late 4th,FA,PICK
Will Dissly,LAC,TE39
Sam Howell,SEA,QB39
Rondale Moore,ATL,WR107
Tyler Conklin,NYJ,TE40
JuJu Smith-Schuster,KCC,WR108
Emari Demercado,ARI,RB72
Jahan Dotson,PHI,WR109
2026 Mid 4th,FA,PICK
Nick Westbrook-Ikhine,TEN,WR110
Jacob Cowing,SFO,WR111
Tyler Goodson,IND,RB73
Aidan O'Connell,LVR,QB40
Curtis Samuel,BUF,WR112
Dyami Brown,WAS,WR113
Kendrick Bourne,NEP,WR114
Tommy DeVito,NYG,QB41
Carson Steele,KCC,RB74
Kenneth Gainwell,PHI,RB75
2027 Early 4th,FA,PICK
Mason Tipton,NOS,WR115
Hendon Hooker,DET,QB42
Devontez Walker,BAL,WR116
2026 Late 4th,FA,PICK
AJ Barner,SEA,TE41
Trey Sermon,IND,RB76
Tylan Wallace,BAL,WR117
Greg Dulcich,DEN,TE42
Brenden Rice,LAC,WR118
Tyler Johnson,LAR,WR119
Xavier Gipson,NYJ,WR120
Treylon Burks,TEN,WR121
Johnny Wilson,PHI,WR122
Bo Melton,GBP,WR123
Mac Jones,JAC,QB43
2027 Mid 4th,FA,PICK
Elijah Mitchell,SFO,RB77
Ty Johnson,BUF,RB78
Dylan Laube,LVR,RB79
Trey Lance,DAL,QB44
Jordan Travis,NYJ,QB45
Sterling Shepard,TBB,WR124
Rasheen Ali,BAL,RB80
Adam Thielen,CAR,WR125
Marquez Valdes-Scantling,NOS,WR126
Davis Allen,LAR,TE43
Jared Wiley,KCC,TE44
Drew Lock,NYG,QB46
Frank Gore Jr.,BUF,RB81
Dorian Thompson-Robinson,CLE,QB47
Elijah Higgins,ARI,TE45
Sione Vaki,DET,RB82
Lil'Jordan Humphrey,DEN,WR127
Tahj Washington,MIA,WR128
Josh Reynolds,DEN,WR129
Mecole Hardman,KCC,WR130
Luke Schoonmaker,DAL,TE46
Chris Rodriguez,WAS,RB83
Daniel Bellinger,NYG,TE47
Deshaun Watson,CLE,QB48
Tyler Badie,DEN,RB84
Tyler Boyd,TEN,WR131
Mason Rudolph,TEN,QB49
2027 Late 4th,FA,PICK
Joe Milton,NEP,QB50
Foster Moreau,NOS,TE48
Isaiah Davis,NYJ,RB85
Desmond Ridder,LVR,QB51
Eric Gray,NYG,RB86
Rakim Jarrett,TBB,WR132
K.J. Osborn,NEP,WR133
Jake Bobo,SEA,WR134
Tommy Tremble,CAR,TE49
Brandin Cooks,DAL,WR135
Zay Jones,ARI,WR136
Deuce Vaughn,DAL,RB87
AJ Dillon,GBP,RB88
Brevin Jordan,HOU,TE50
Tyquan Thornton,FA,WR137
Tyler Higbee,LAR,TE51
Jase McClellan,ATL,RB89
Israel Abanikanda,NYJ,RB90
Olamide Zaccheaus,WAS,WR138
Jamari Thrash,CLE,WR139
Mack Hollins,BUF,WR140
Cooper Rush,DAL,QB52
David Bell,CLE,WR141
Kenny Pickett,PHI,QB53
Adam Trautman,DEN,TE52
Cedrick Wilson,NOS,WR142
Kalif Raymond,DET,WR143
Jelani Woods,IND,TE53
Clyde Edwards-Helaire,KCC,RB91
Brock Wright,DET,TE54
Pierre Strong Jr.,CLE,RB92
KaVontae Turpin,DAL,WR144
Josh Oliver,MIN,TE55
D'Ernest Johnson,JAC,RB93
Julius Chestnut,TEN,RB94
Van Jefferson,PIT,WR145
D.J. Chark,LAC,WR146
Tim Patrick,DET,WR147
Andy Dalton,CAR,QB54
Jake Browning,CIN,QB55
Jeremy Ruckert,NYJ,TE56
Zach Wilson,DEN,QB56
Isaiah Hodgins,NYG,WR148
Miles Sanders,CAR,RB95
Samaje Perine,KCC,RB96
D'Onta Foreman,CLE,RB97
Justin Watson,KCC,WR149
Hassan Haskins,LAC,RB98
Tyler Scott,CHI,WR150
Jaheim Bell,NEP,TE57
Lucas Krull,DEN,TE58
DJ Turner,LVR,WR151
Nelson Agholor,BAL,WR152
Ronnie Bell,SFO,WR153
Tyson Bagent,CHI,QB57
Derius Davis,LAC,WR154
Ainias Smith,PHI,WR155
Joe Flacco,IND,QB58
KJ Hamler,BUF,WR156
Kylen Granson,IND,TE59
Josh Whyle,TEN,TE60
Jamaal Williams,NOS,RB99
Hayden Hurst,LAC,TE61
Kenny McIntosh,SEA,RB100
Skyy Moore,KCC,WR157
Jacoby Brissett,NEP,QB59
Charlie Kolar,BAL,TE62
Marcus Mariota,WAS,QB60
Tyler Huntley,MIA,QB61
Ronnie Rivers,LAR,RB101
Drew Sample,CIN,TE63
Austin Hooper,NEP,TE64
Tip Reiman,ARI,TE65
Charlie Jones,CIN,WR158
Laviska Shenault,SEA,WR159
Ryan Flournoy,DAL,WR160
Malik Heath,GBP,WR161
Gerald Everett,CHI,TE66
Brandon Powell,MIN,WR162
Trayveon Williams,CIN,RB102
Jake Haener,NOS,QB62
Devin Duvernay,JAC,WR163
Ashton Dulin,IND,WR164
Jalen Reagor,LAC,WR165
Trenton Irwin,CIN,WR166
Harrison Bryant,LVR,TE67
Jeffery Wilson,MIA,RB103
Chris Evans,CIN,RB104
Peyton Hendershot,KCC,TE68
JaMycal Hasty,NEP,RB105
Cordarrelle Patterson,PIT,RB106
Stetson Bennett,LAR,QB63
Ezekiel Elliott,DAL,RB107
DeeJay Dallas,ARI,RB108
Anthony Schwartz,MIA,WR167
Scotty Miller,PIT,WR168
Davis Mills,HOU,QB64
Kyle Philips,PHI,WR169
Kyle Trask,TBB,QB65
Craig Reynolds,DET,RB109
Will Mallory,IND,TE69
Bailey Zappe,CLE,QB66
Chase Edmonds,TBB,RB110
Joshua Dobbs,SFO,QB67
Justyn Ross,KCC,WR170
Mo Alie-Cox,IND,TE70
Ben Skowronek,PIT,WR171
Kadarius Toney,CLE,WR172
David Moore,CAR,WR173
Deven Thompkins,CAR,WR174
Jarrett Stidham,DEN,QB68
Kendall Milton,FA,RB111
Trent Sherfield,MIN,WR175
Erik Ezukanma,MIA,WR176
Tanner Hudson,CIN,TE71
Justin Shorter,LVR,WR177
Deonte Harty,BAL,WR178
Bryce Ford-Wheaton,NYG,WR179
Jaelon Darden,CLE,WR180
Taylor Heinicke,LAC,QB69
Andrew Ogletree,IND,TE72
Travis Homer,CHI,RB112
Raheem Blackshear,CAR,RB113
Ihmir Smith-Marsette,NYG,WR181
Donovan Peoples-Jones,FA,WR182
Odell Beckham,MIA,WR183
A.T. Perry,FA,WR184
Hunter Long,LAR,TE73
Robert Woods,HOU,WR185
Ian Thomas,CAR,TE74
Evan Hull,FA,RB114
John Bates,WAS,TE75
Tyrod Taylor,NYJ,QB70
Clayton Tune,ARI,QB71
Zach Pascal,ARI,WR186
Braxton Berrios,MIA,WR187
Nick Mullens,MIN,QB72
Carson Wentz,KCC,QB73
Dalvin Cook,DAL,RB115
Nyheim Hines,CLE,RB116
Joshua Kelley,TEN,RB117
Terrace Marshall,LVR,WR188
Mitchell Trubisky,BUF,QB74
Albert Okwuegbunam,FA,TE76
Skylar Thompson,MIA,QB75
Durham Smythe,MIA,TE77
Sam Ehlinger,IND,QB76
Parris Campbell,FA,WR189
Isaiah Spiller,FA,RB118
Jimmy Garoppolo,LAR,QB77
Marquez Callaway,TBB,WR190
Kyle Allen,PIT,QB78
Kene Nwangwu,FA,RB119
